{
    "include": [
        "cobblemonraiddens:avalugg hisuian"
    ],
    "exclude": [],
    "additions": {
        "pokemon": {
            "moves": [
                "ice shard",
                "mountain gale",
                "accelerock",
                "stone edge"
            ],
            "ability": "technician"
        },
        "den": [
            "cobblemonraiddens:raid_den/radical"
        ],
        "weight": 0.2
    },
    "replace": false,
    "suffix": "radical"
}