{
    "include": [
        "cobblemonraiddens:chesnaught"
    ],
    "exclude": [],
    "additions": {
        "pokemon": {
            "moves": [
                "horn leech",
                "iron defense",
                "knock off",
                "body press"
            ],
            "ability": "iron barbs"
        },
        "den": [
            "cobblemonraiddens:raid_den/radical"
        ],
        "weight": 0.2
    },
    "replace": false,
    "suffix": "radical"
}