{
    "include": [
        "cobblemonraiddens:cursola"
    ],
    "exclude": [],
    "additions": {
        "pokemon": {
            "moves": [
                "poltergeist",
                "drain punch",
                "head smash",
                "swords dance"
            ],
            "ability": "unburden"
        },
        "den": [
            "cobblemonraiddens:raid_den/radical"
        ],
        "weight": 0.2
    },
    "replace": false,
    "suffix": "radical"
}