{
    "include": [
        "cobblemonraiddens:exeggutor"
    ],
    "exclude": [],
    "additions": {
        "pokemon": {
            "ability": "chlorophyll",
            "moves": ["weather ball", "chloroblast", "dragon pulse", "growth"]
        },
        "den": [
            "cobblemonraiddens:raid_den/radical"
        ],
        "weight": 0.2,
        "base_form": [
            {
                "name": "alolan",
                "value": true
            }
        ]
    },
    "replace": false,
    "suffix": "radical"
}