{
    "include": [
        "cobblemonraiddens:golem"
    ],
    "exclude": [],
    "additions": {
        "pokemon": {
            "ability": "rock head",
            "moves": ["head smash", "volt tackle", "heat crash", "body press"]
        },
        "den": [
            "cobblemonraiddens:raid_den/radical"
        ],
        "weight": 0.2,
        "base_form": [
            {
                "name": "alolan",
                "value": true
            }
        ]
    },
    "replace": false,
    "suffix": "radical"
}