{
    "include": [
        "cobblemonraiddens:ninetales"
    ],
    "exclude": [],
    "additions": {
        "pokemon": {
            "ability": "serene grace",
            "moves": ["energy ball", "aurora veil", "blizzard", "nasty plot"]
        },
        "den": [
            "cobblemonraiddens:raid_den/radical"
        ],
        "weight": 0.2,
        "base_form": [
            {
                "name": "alolan",
                "value": true
            }
        ]
    },
    "replace": false,
    "suffix": "radical"
}