{
    "include": [
        "cobblemonraiddens:oranguru"
    ],
    "exclude": [],
    "additions": {
        "pokemon": {
            "moves": [
                "hyper voice",
                "psychic",
                "focus blast",
                "shadow ball"
            ],
            "ability": "psychic surge"
        },
        "den": [
            "cobblemonraiddens:raid_den/radical"
        ],
        "weight": 0.2
    },
    "replace": false,
    "suffix": "radical"
}