{
    "include": [
        "cobblemonraiddens:probopass"
    ],
    "exclude": [],
    "additions": {
        "pokemon": {
            "moves": [
                "meteor beam",
                "earth power",
                "flash cannon",
                "dazzling gleam"
            ],
            "ability": "levitate"
        },
        "den": [
            "cobblemonraiddens:raid_den/radical"
        ],
        "weight": 0.2
    },
    "replace": false,
    "suffix": "radical"
}