{
    "include": [
        "cobblemonraiddens:runerigus"
    ],
    "exclude": [],
    "additions": {
        "pokemon": {
            "moves": [
                "poltergeist",
                "earthquake",
                "stone edge",
                "body press"
            ],
            "ability": "shadow shield"
        },
        "den": [
            "cobblemonraiddens:raid_den/radical"
        ],
        "weight": 0.2
    },
    "replace": false,
    "suffix": "radical"
}