{
    "include": [
        "cobblemonraiddens:slowbro"
    ],
    "exclude": [],
    "additions": {
        "pokemon": {
            "ability": "quick draw",
            "moves": ["shell side arm", "psychic", "flamethrower", "calm mind"]
        },
        "den": [
            "cobblemonraiddens:raid_den/radical"
        ],
        "weight": 0.2,
        "base_form": [
            {
                "name": "galarian",
                "value": true
            }
        ]
    },
    "replace": false,
    "suffix": "radical"
}