{
    "include": [
        "cobblemonraiddens:torterra"
    ],
    "exclude": [],
    "additions": {
        "pokemon": {
            "moves": [
                "shell smash",
                "grav apple",
                "sleep powder",
                "high horsepower"
            ],
            "ability": "self sufficient"
        },
        "den": [
            "cobblemonraiddens:raid_den/radical"
        ],
        "weight": 0.2
    },
    "replace": false,
    "suffix": "radical"
}