{
    "include": [
        "cobblemonraiddens:turtonator"
    ],
    "exclude": [],
    "additions": {
        "pokemon": {
            "moves": [
                "shell smash",
                "fire blast",
                "dragon pulse",
                "flash cannon"
            ],
            "ability": "dauntless shield"
        },
        "den": [
            "cobblemonraiddens:raid_den/radical"
        ],
        "weight": 0.2
    },
    "replace": false,
    "suffix": "radical"
}