{
    "target": "cobblemon:arbok",
    "forms": [
        {
            "name": "Radical",
            "primaryType": "poison",
            "secondaryType": "dark",
            "abilities": [
                "intimidate",
                "shedskin",
                "h:strongjaw"
            ],
            "baseStats": {
                "hp": 75,
                "attack": 95,
                "defence": 75,
                "special_attack": 65,
                "special_defence": 79,
                "speed": 80
            },
            "moves": [
                "44:jawlock",
                "1:icefang",
                "1:thunderfang",
                "1:firefang",
                "1:wrap",
                "1:leer",
                "1:poisonsting",
                "1:bite",
                "1:crunch",
                "1:mudbomb",
                "12:glare",
                "17:screech",
                "20:acid",
                "27:stockpile",
                "27:swallow",
                "27:spitup",
                "32:acidspray",
                "39:sludgebomb",
                "44:gastroacid",
                "48:belch",
                "51:haze",
                "56:coil",
                "63:gunkshot",
                "egg:disable",
                "egg:poisonfang",
                "egg:poisontail",
                "egg:pursuit",
                "egg:scaryface",
                "egg:slam",
                "egg:spite",
                "egg:suckerpunch",
                "egg:switcheroo",
                "tm:acidspray",
                "tm:aquatail",
                "tm:beatup",
                "tm:bind",
                "tm:bodyslam",
                "tm:breakingswipe",
                "tm:brutalswing",
                "tm:bulldoze",
                "tm:crunch",
                "tm:darkpulse",
                "tm:dig",
                "tm:doubleedge",
                "tm:dragontail",
                "tm:earthquake",
                "tm:endure",
                "tm:facade",
                "tm:firefang",
                "tm:gastroacid",
                "tm:gigadrain",
                "tm:gigaimpact",
                "tm:gunkshot",
                "tm:haze",
                "tm:headbutt",
                "tm:hyperbeam",
                "tm:icefang",
                "tm:infestation",
                "tm:irontail",
                "tm:knockoff",
                "tm:lashout",
                "tm:leechlife",
                "tm:mudshot",
                "tm:mudslap",
                "tm:painsplit",
                "tm:payback",
                "tm:poisonjab",
                "tm:poisontail",
                "tm:protect",
                "tm:psychicfangs",
                "tm:raindance",
                "tm:rest",
                "tm:rockslide",
                "tm:rocktomb",
                "tm:scaleshot",
                "tm:scaryface",
                "tm:screech",
                "tm:seedbomb",
                "tm:skittersmack",
                "tm:sleeptalk",
                "tm:sludgebomb",
                "tm:sludgewave",
                "tm:snarl",
                "tm:snatch",
                "tm:spite",
                "tm:stompingtantrum",
                "tm:strength",
                "tm:substitute",
                "tm:suckerpunch",
                "tm:sunnyday",
                "tm:takedown",
                "tm:terablast",
                "tm:thief",
                "tm:throatchop",
                "tm:thunderfang",
                "tm:torment",
                "tm:toxic",
                "tm:toxicspikes",
                "tm:trailblaze",
                "tm:venomdrench",
                "tm:venoshock",
                "tutor:aquatail",
                "tutor:bind",
                "tutor:darkpulse",
                "tutor:firefang",
                "tutor:gastroacid",
                "tutor:gigadrain",
                "tutor:gigaimpact",
                "tutor:gunkshot",
                "tutor:hyperbeam",
                "tutor:icefang",
                "tutor:irontail",
                "tutor:knockoff",
                "tutor:lashout",
                "tutor:leechlife",
                "tutor:mudslap",
                "tutor:painsplit",
                "tutor:poisonjab",
                "tutor:rest",
                "tutor:rockslide",
                "tutor:scaleshot",
                "tutor:seedbomb",
                "tutor:skittersmack",
                "tutor:sleeptalk",
                "tutor:sludgebomb",
                "tutor:snarl",
                "tutor:snatch",
                "tutor:spite",
                "tutor:stompingtantrum",
                "tutor:suckerpunch",
                "tutor:throatchop",
                "tutor:thunderfang",
                "tutor:suckerpunch",
                "legacy:attract",
                "legacy:bide",
                "legacy:captivate",
                "legacy:confide",
                "legacy:curse",
                "legacy:doubleteam",
                "legacy:fissure",
                "legacy:frustration",
                "legacy:hiddenpower",
                "legacy:megadrain",
                "legacy:mimic",
                "legacy:naturalgift",
                "legacy:rage",
                "legacy:return",
                "legacy:round",
                "legacy:secretpower",
                "legacy:skullbash",
                "legacy:snore",
                "legacy:swagger",
                "special:refresh"
            ],
            "aspects": [
                "radical"
            ],
            "labels": [
                "radical_form"
            ]
        }
    ]
}