{
    "target": "cobblemon:bellossom",
    "forms": [
        {
            "name": "Radical",
            "primaryType": "grass",
            "secondaryType": "fairy",
            "abilities": [
                "chlorophyll",
                "h:shielddust"
            ],
            "baseStats": {
                "hp": 75,
                "attack": 80,
                "defence": 95,
                "special_attack": 100,
                "special_defence": 110,
                "speed": 50
            },
            "moves": [
                "1:moonblast",
                "1:quiverdance",
                "1:megadrain",
                "1:sweetscent",
                "1:stunspore",
                "1:gigadrain",
                "1:petalblizzard",
                "1:petaldance",
                "1:poisonpowder",
                "1:sleeppowder",
                "1:toxic",
                "1:grassyterrain",
                "1:moonlight",
                "1:absorb",
                "1:growth",
                "1:acid",
                "1:luckychant",
                "1:naturalgift",
                "64:fierydance",
                "67:strengthsap",
                "egg:afteryou",
                "egg:flail",
                "egg:ingrain",
                "egg:leechseed",
                "egg:luckychant",
                "egg:naturalgift",
                "egg:razorleaf",
                "egg:secretpower",
                "egg:strengthsap",
                "egg:synthesis",
                "egg:teeterdance",
                "egg:tickle",
                "tm:acidspray",
                "tm:afteryou",
                "tm:batonpass",
                "tm:bulletseed",
                "tm:charm",
                "tm:cut",
                "tm:dazzlinggleam",
                "tm:drainpunch",
                "tm:encore",
                "tm:endeavor",
                "tm:endure",
                "tm:energyball",
                "tm:facade",
                "tm:flash",
                "tm:fling",
                "tm:gastroacid",
                "tm:gigadrain",
                "tm:gigaimpact",
                "tm:grassknot",
                "tm:grassyglide",
                "tm:grassyterrain",
                "tm:helpinghand",
                "tm:hyperbeam",
                "tm:infestation",
                "tm:laserfocus",
                "tm:leafblade",
                "tm:leafstorm",
                "tm:magicalleaf",
                "tm:naturalgift",
                "tm:naturepower",
                "tm:petalblizzard",
                "tm:playrough",
                "tm:pollenpuff",
                "tm:protect",
                "tm:rest",
                "tm:safeguard",
                "tm:secretpower",
                "tm:seedbomb",
                "tm:sleeptalk",
                "tm:sludgebomb",
                "tm:solarbeam",
                "tm:solarblade",
                "tm:substitute",
                "tm:sunnyday",
                "tm:swordsdance",
                "tm:synthesis",
                "tm:terablast",
                "tm:toxic",
                "tm:trailblaze",
                "tm:tripleaxel",
                "tm:uproar",
                "tm:venoshock",
                "tm:weatherball",
                "tm:worryseed",
                "tutor:afteryou",
                "tutor:endeavor",
                "tutor:energyball",
                "tutor:gastroacid",
                "tutor:gigadrain",
                "tutor:gigaimpact",
                "tutor:grassyglide",
                "tutor:helpinghand",
                "tutor:hyperbeam",
                "tutor:laserfocus",
                "tutor:magicalleaf",
                "tutor:playrough",
                "tutor:rest",
                "tutor:seedbomb",
                "tutor:sleeptalk",
                "tutor:sludgebomb",
                "tutor:synthesis",
                "tutor:tripleaxel",
                "tutor:uproar",
                "tutor:worryseed",
                "legacy:attract",
                "legacy:bide",
                "legacy:captivate",
                "legacy:confide",
                "legacy:curse",
                "legacy:doubleedge",
                "legacy:doubleteam",
                "legacy:frustration",
                "legacy:headbutt",
                "legacy:hiddenpower",
                "legacy:mimic",
                "legacy:rage",
                "legacy:reflect",
                "legacy:return",
                "legacy:round",
                "legacy:snore",
                "legacy:swagger",
                "legacy:takedown"
            ],
            "aspects": [
                "radical"
            ],
            "labels": [
                "radical_form"
            ]
        }
    ]
}