{
    "target": "cobblemon:falinks",
    "forms": [
        {
            "name": "Radical",
            "primaryType": "bug",
            "secondaryType": "fighting",
            "abilities": [
                "battlearmor",
                "h:defiant"
            ],
            "baseStats": {
                "hp": 75,
                "attack": 110,
                "defence": 100,
                "special_attack": 60,
                "special_defence": 60,
                "speed": 90
            },
            "moves": [
                "1:tackle",
                "1:protect",
                "5:rocksmash",
                "10:focusenergy",
                "15:headbutt",
                "20:bulkup",
                "25:endure",
                "30:reversal",
                "35:firstimpression",
                "40:noretreat",
                "45:irondefense",
                "50:closecombat",
                "55:megahorn",
                "60:counter",
                "tm:agility",
                "tm:assurance",
                "tm:beatup",
                "tm:bodypress",
                "tm:bodyslam",
                "tm:brickbreak",
                "tm:bulkup",
                "tm:closecombat",
                "tm:coaching",
                "tm:cut",
                "tm:endeavor",
                "tm:endure",
                "tm:facade",
                "tm:falseswipe",
                "tm:focusblast",
                "tm:focusenergy",
                "tm:gigaimpact",
                "tm:headbutt",
                "tm:helpinghand",
                "tm:highhorsepower",
                "tm:hyperbeam",
                "tm:irondefense",
                "tm:ironhead",
                "tm:knockoff",
                "tm:leechlife",
                "tm:lunge",
                "tm:megahorn",
                "tm:payback",
                "tm:poisonjab",
                "tm:protect",
                "tm:psychup",
                "tm:raindance",
                "tm:rest",
                "tm:retaliate",
                "tm:revenge",
                "tm:reversal",
                "tm:rockslide",
                "tm:rocksmash",
                "tm:rocktomb",
                "tm:screech",
                "tm:sleeptalk",
                "tm:smartstrike",
                "tm:substitute",
                "tm:sunnyday",
                "tm:superpower",
                "tm:swordsdance",
                "tm:takedown",
                "tm:terablast",
                "tm:throatchop",
                "tm:trailblaze",
                "tm:upperhand",
                "tm:uproar",
                "tm:zenheadbutt",
                "tutor:bugbite",
                "tutor:bulkup",
                "tutor:coaching",
                "tutor:endeavor",
                "tutor:falseswipe",
                "tutor:focusenergy",
                "tutor:gigaimpact",
                "tutor:helpinghand",
                "tutor:highhorsepower",
                "tutor:hyperbeam",
                "tutor:irondefense",
                "tutor:ironhead",
                "tutor:knockoff",
                "tutor:megahorn",
                "tutor:poisonjab",
                "tutor:rest",
                "tutor:rockslide",
                "tutor:rocksmash",
                "tutor:sleeptalk",
                "tutor:superpower",
                "tutor:throatchop",
                "tutor:uproar",
                "tutor:zenheadbutt",
                "legacy:round",
                "legacy:snore"
            ],
            "aspects": [
                "radical"
            ],
            "labels": [
                "radical_form"
            ]
        }
    ]
}