{
    "target": "cobblemon:farfetchd",
    "forms": [
        {
            "name": "Radical",
            "primaryType": "fighting",
            "secondaryType": "flying",
            "abilities": [
                "keeneye",
                "innerfocus",
                "h:defiant"
            ],
            "baseStats": {
                "hp": 75,
                "attack": 110,
                "defence": 70,
                "special_attack": 58,
                "special_defence": 77,
                "speed": 65
            },
            "moves": [
                "1:peck",
                "1:sandattack",
                "1:furyattack",
                "1:nightslash",
                "1:feint",
                "5:leer",
                "10:furycutter",
                "15:cut",
                "20:aerialace",
                "25:aircutter",
                "30:knockoff",
                "35:falseswipe",
                "40:slash",
                "45:swordsdance",
                "50:airslash",
                "55:leafblade",
                "60:agility",
                "60:sacredsword",
                "65:bravebird",
                "72:drillpeck",
                "egg:covet",
                "egg:curse",
                "egg:featherdance",
                "egg:feint",
                "egg:finalgambit",
                "egg:firstimpression",
                "egg:flail",
                "egg:foresight",
                "egg:gust",
                "egg:mirrormove",
                "egg:nightslash",
                "egg:quickattack",
                "egg:roost",
                "egg:simplebeam",
                "egg:skyattack",
                "egg:trumpcard",
                "tm:acrobatics",
                "tm:aerialace",
                "tm:agility",
                "tm:aircutter",
                "tm:airslash",
                "tm:batonpass",
                "tm:bodyslam",
                "tm:bravebird",
                "tm:brickbreak",
                "tm:brutalswing",
                "tm:closecombat",
                "tm:covet",
                "tm:curse",
                "tm:cut",
                "tm:defog",
                "tm:dualwingbeat",
                "tm:endure",
                "tm:facade",
                "tm:falseswipe",
                "tm:featherdance",
                "tm:fly",
                "tm:focusenergy",
                "tm:furycutter",
                "tm:headbutt",
                "tm:heatwave",
                "tm:helpinghand",
                "tm:irontail",
                "tm:knockoff",
                "tm:laserfocus",
                "tm:lastresort",
                "tm:leafblade",
                "tm:mudslap",
                "tm:ominouswind",
                "tm:pluck",
                "tm:poisonjab",
                "tm:protect",
                "tm:psychup",
                "tm:rest",
                "tm:retaliate",
                "tm:revenge",
                "tm:roost",
                "tm:skyattack",
                "tm:sleeptalk",
                "tm:solarblade",
                "tm:steelwing",
                "tm:substitute",
                "tm:sunnyday",
                "tm:swift",
                "tm:swordsdance",
                "tm:tailwind",
                "tm:terablast",
                "tm:thief",
                "tm:throatchop",
                "tm:twister",
                "tm:uproar",
                "tm:uturn",
                "tm:workup",
                "tutor:aerialace",
                "tutor:aircutter",
                "tutor:covet",
                "tutor:defog",
                "tutor:dualwingbeat",
                "tutor:falseswipe",
                "tutor:focusenergy",
                "tutor:furycutter",
                "tutor:heatwave",
                "tutor:helpinghand",
                "tutor:irontail",
                "tutor:knockoff",
                "tutor:laserfocus",
                "tutor:lastresort",
                "tutor:mudslap",
                "tutor:ominouswind",
                "tutor:poisonjab",
                "tutor:rest",
                "tutor:roost",
                "tutor:skyattack",
                "tutor:sleeptalk",
                "tutor:swift",
                "tutor:tailwind",
                "tutor:throatchop",
                "tutor:twister",
                "tutor:uproar",
                "legacy:attract",
                "legacy:bide",
                "legacy:captivate",
                "legacy:confide",
                "legacy:detect",
                "legacy:doubleedge",
                "legacy:doubleteam",
                "legacy:frustration",
                "legacy:hiddenpower",
                "legacy:mimic",
                "legacy:naturalgift",
                "legacy:rage",
                "legacy:razorleaf",
                "legacy:razorwind",
                "legacy:reflect",
                "legacy:return",
                "legacy:round",
                "legacy:secretpower",
                "legacy:skullbash",
                "legacy:snore",
                "legacy:swagger",
                "legacy:takedown",
                "legacy:toxic",
                "legacy:whirlwind",
                "special:wish",
                "special:yawn"
            ],
            "aspects": [
                "radical"
            ],
            "labels": [
                "radical_form"
            ]
        }
    ]
}