{
    "target": "cobblemon:gorebyss",
    "forms": [
        {
            "name": "Radical",
            "primaryType": "water",
            "secondaryType": "fairy",
            "abilities": [
                "dazzling",
                "h:regenerator"
            ],
            "baseStats": {
                "hp": 55,
                "attack": 84,
                "defence": 105,
                "special_attack": 104,
                "special_defence": 75,
                "speed": 52
            },
            "moves": [
                "1:moonblast",
                "1:whirlpool",
                "1:confusion",
                "1:irondefense",
                "1:watergun",
                "1:shellsmash",
                "1:clamp",
                "5:watersport",
                "9:agility",
                "11:drainingkiss",
                "14:waterpulse",
                "16:amnesia",
                "19:aquaring",
                "23:captivate",
                "26:dive",
                "29:batonpass",
                "34:psychic",
                "39:aquatail",
                "45:coil",
                "47:moonblast",
                "50:hydropump",
                "egg:aquaring",
                "egg:barrier",
                "egg:mudsport",
                "egg:refresh",
                "egg:supersonic",
                "tm:agility",
                "tm:amnesia",
                "tm:aquatail",
                "tm:batonpass",
                "tm:bind",
                "tm:blizzard",
                "tm:bodyslam",
                "tm:bounce",
                "tm:brine",
                "tm:captivate",
                "tm:confuseray",
                "tm:dazzlinggleam",
                "tm:dive",
                "tm:drainingkiss",
                "tm:endure",
                "tm:facade",
                "tm:flipturn",
                "tm:gigaimpact",
                "tm:hail",
                "tm:hydropump",
                "tm:hyperbeam",
                "tm:icebeam",
                "tm:icywind",
                "tm:infestation",
                "tm:irondefense",
                "tm:muddywater",
                "tm:mudslap",
                "tm:protect",
                "tm:psychic",
                "tm:psychup",
                "tm:raindance",
                "tm:rest",
                "tm:safeguard",
                "tm:scald",
                "tm:scaleshot",
                "tm:shadowball",
                "tm:signalbeam",
                "tm:sleeptalk",
                "tm:substitute",
                "tm:surf",
                "tm:terablast",
                "tm:waterfall",
                "tm:waterpulse",
                "tm:whirlpool",
                "tutor:aquatail",
                "tutor:bind",
                "tutor:bounce",
                "tutor:dive",
                "tutor:flipturn",
                "tutor:gigaimpact",
                "tutor:hyperbeam",
                "tutor:icebeam",
                "tutor:icywind",
                "tutor:irondefense",
                "tutor:mudslap",
                "tutor:psychic",
                "tutor:rest",
                "tutor:scaleshot",
                "tutor:shadowball",
                "tutor:signalbeam",
                "tutor:sleeptalk",
                "tutor:waterpulse",
                "legacy:attract",
                "legacy:confide",
                "legacy:doubleedge",
                "legacy:doubleteam",
                "legacy:frustration",
                "legacy:hiddenpower",
                "legacy:mimic",
                "legacy:naturalgift",
                "legacy:return",
                "legacy:round",
                "legacy:secretpower",
                "legacy:snore",
                "legacy:swagger",
                "legacy:swift",
                "legacy:toxic"
            ],
            "aspects": [
                "radical"
            ],
            "labels": [
                "radical_form"
            ]
        }
    ]
}