{
    "target": "cobblemon:granbull",
    "forms": [
        {
            "name": "Radical",
            "primaryType": "fairy",
            "secondaryType": "fighting",
            "abilities": [
                "intimidate",
                "quickfeet",
                "h:strongjaw"
            ],
            "baseStats": {
                "hp": 100,
                "attack": 120,
                "defence": 75,
                "special_attack": 60,
                "special_defence": 60,
                "speed": 55
            },
            "moves": [
                "1:icefang",
                "1:firefang",
                "1:thunderfang",
                "1:tackle",
                "1:scaryface",
                "1:tailwhip",
                "1:charm",
                "1:rage",
                "1:outrage",
                "1:growl",
                "7:bite",
                "13:lick",
                "19:headbutt",
                "27:roar",
                "35:lastresort",
                "43:playrough",
                "47:closecombat",
                "47:jawlock",
                "51:payback",
                "55:hammerarm",
                "59:crunch",
                "egg:counter",
                "egg:feintattack",
                "egg:mimic",
                "egg:present",
                "egg:retaliate",
                "egg:smellingsalts",
                "egg:snore",
                "tm:bodyslam",
                "tm:brickbreak",
                "tm:bulkup",
                "tm:bulldoze",
                "tm:charm",
                "tm:closecombat",
                "tm:covet",
                "tm:crunch",
                "tm:curse",
                "tm:dazzlinggleam",
                "tm:dig",
                "tm:doubleedge",
                "tm:earthquake",
                "tm:encore",
                "tm:endeavor",
                "tm:endure",
                "tm:facade",
                "tm:faketears",
                "tm:fireblast",
                "tm:firefang",
                "tm:firepunch",
                "tm:flamethrower",
                "tm:fling",
                "tm:focusblast",
                "tm:focuspunch",
                "tm:gigaimpact",
                "tm:headbutt",
                "tm:healbell",
                "tm:helpinghand",
                "tm:hyperbeam",
                "tm:hypervoice",
                "tm:icefang",
                "tm:icepunch",
                "tm:incinerate",
                "tm:irontail",
                "tm:lashout",
                "tm:lastresort",
                "tm:lowkick",
                "tm:lowsweep",
                "tm:megakick",
                "tm:megapunch",
                "tm:metronome",
                "tm:mudslap",
                "tm:outrage",
                "tm:overheat",
                "tm:payback",
                "tm:playrough",
                "tm:poweruppunch",
                "tm:protect",
                "tm:psychicfangs",
                "tm:raindance",
                "tm:rest",
                "tm:retaliate",
                "tm:reversal",
                "tm:roar",
                "tm:rockclimb",
                "tm:rockslide",
                "tm:rocksmash",
                "tm:rocktomb",
                "tm:scaryface",
                "tm:shadowball",
                "tm:shockwave",
                "tm:sleeptalk",
                "tm:sludgebomb",
                "tm:snarl",
                "tm:snore",
                "tm:solarbeam",
                "tm:spite",
                "tm:stompingtantrum",
                "tm:stoneedge",
                "tm:strength",
                "tm:substitute",
                "tm:sunnyday",
                "tm:superfang",
                "tm:superpower",
                "tm:takedown",
                "tm:taunt",
                "tm:temperflare",
                "tm:terablast",
                "tm:thief",
                "tm:thunder",
                "tm:thunderbolt",
                "tm:thunderfang",
                "tm:thunderpunch",
                "tm:thunderwave",
                "tm:torment",
                "tm:trailblaze",
                "tm:uproar",
                "tm:waterpulse",
                "tm:wildcharge",
                "tm:workup",
                "tutor:bulkup",
                "tutor:bulldoze",
                "tutor:covet",
                "tutor:dazzlinggleam",
                "tutor:endeavor",
                "tutor:firefang",
                "tutor:firepunch",
                "tutor:flamethrower",
                "tutor:flareblitz",
                "tutor:focuspunch",
                "tutor:gigaimpact",
                "tutor:healbell",
                "tutor:helpinghand",
                "tutor:hyperbeam",
                "tutor:hypervoice",
                "tutor:icefang",
                "tutor:icepunch",
                "tutor:irontail",
                "tutor:lashout",
                "tutor:lastresort",
                "tutor:lowkick",
                "tutor:mudslap",
                "tutor:outrage",
                "tutor:playrough",
                "tutor:rest",
                "tutor:rockslide",
                "tutor:rocksmash",
                "tutor:shadowball",
                "tutor:shockwave",
                "tutor:sleeptalk",
                "tutor:sludgebomb",
                "tutor:snarl",
                "tutor:snore",
                "tutor:spite",
                "tutor:stompingtantrum",
                "tutor:stoneedge",
                "tutor:superfang",
                "tutor:superpower",
                "tutor:thunderbolt",
                "tutor:thunderfang",
                "tutor:thunderpunch",
                "tutor:uproar",
                "tutor:waterpulse",
                "tutor:wildcharge",
                "legacy:attract",
                "legacy:captivate",
                "legacy:confide",
                "legacy:defensecurl",
                "legacy:detect",
                "legacy:doubleteam",
                "legacy:dynamicpunch",
                "legacy:frustration",
                "legacy:hiddenpower",
                "legacy:leer",
                "legacy:naturalgift",
                "legacy:reflect",
                "legacy:return",
                "legacy:round",
                "legacy:secretpower",
                "legacy:seismictoss",
                "legacy:swagger",
                "legacy:toxic",
                "legacy:zapcannon"
            ],
            "aspects": [
                "radical"
            ],
            "labels": [
                "radical_form"
            ]
        }
    ]
}