{
    "target": "cobblemon:grapploct",
    "forms": [
        {
            "name": "Radical",
            "primaryType": "water",
            "secondaryType": "fighting",
            "abilities": [
                "limber",
                "h:technician"
            ],
            "baseStats": {
                "hp": 80,
                "attack": 133,
                "defence": 90,
                "special_attack": 70,
                "special_defence": 80,
                "speed": 52
            },
            "moves": [
                "1:jetpunch",
                "1:octolock",
                "1:octazooka",
                "1:rocksmash",
                "1:leer",
                "1:feint",
                "1:bind",
                "15:detect",
                "20:lowsweep",
                "25:bulkup",
                "30:submission",
                "35:taunt",
                "40:reversal",
                "45:superpower",
                "50:topsyturvy",
                "55:brutalswing",
                "60:surgingstrikes",
                "75:aquajet",
                "egg:circlethrow",
                "egg:machpunch",
                "egg:painsplit",
                "egg:poweruppunch",
                "egg:seismictoss",
                "egg:soak",
                "egg:suckerpunch",
                "tm:bind",
                "tm:bodyslam",
                "tm:brickbreak",
                "tm:brine",
                "tm:brutalswing",
                "tm:bulkup",
                "tm:closecombat",
                "tm:coaching",
                "tm:dig",
                "tm:dive",
                "tm:drainpunch",
                "tm:endure",
                "tm:facade",
                "tm:flipturn",
                "tm:focusblast",
                "tm:gigaimpact",
                "tm:hydropump",
                "tm:hyperbeam",
                "tm:icepunch",
                "tm:liquidation",
                "tm:megapunch",
                "tm:muddywater",
                "tm:mudshot",
                "tm:painsplit",
                "tm:payback",
                "tm:poweruppunch",
                "tm:protect",
                "tm:rest",
                "tm:retaliate",
                "tm:revenge",
                "tm:reversal",
                "tm:rocksmash",
                "tm:scaryface",
                "tm:skittersmack",
                "tm:sleeptalk",
                "tm:stompingtantrum",
                "tm:substitute",
                "tm:suckerpunch",
                "tm:superpower",
                "tm:surf",
                "tm:taunt",
                "tm:terablast",
                "tm:waterfall",
                "tm:whirlpool",
                "tm:workup",
                "tutor:bind",
                "tutor:bulkup",
                "tutor:coaching",
                "tutor:dive",
                "tutor:drainpunch",
                "tutor:gigaimpact",
                "tutor:hyperbeam",
                "tutor:icepunch",
                "tutor:liquidation",
                "tutor:painsplit",
                "tutor:rest",
                "tutor:rocksmash",
                "tutor:skittersmack",
                "tutor:sleeptalk",
                "tutor:stompingtantrum",
                "tutor:suckerpunch",
                "tutor:superpower",
                "legacy:attract",
                "legacy:round",
                "legacy:snore"
            ],
            "aspects": [
                "radical"
            ],
            "labels": [
                "radical_form"
            ]
        }
    ]
}