{
    "target": "cobblemon:huntail",
    "forms": [
        {
            "name": "Radical",
            "primaryType": "water",
            "secondaryType": "dark",
            "abilities": [
                "intimidate",
                "h:strongjaw"
            ],
            "baseStats": {
                "hp": 55,
                "attack": 104,
                "defence": 105,
                "special_attack": 94,
                "special_defence": 75,
                "speed": 52
            },
            "moves": [
                "1:whirlpool",
                "1:bite",
                "1:irondefense",
                "1:psychicfangs",
                "1:watergun",
                "1:shellsmash",
                "1:clamp",
                "5:screech",
                "9:scaryface",
                "11:feintattack",
                "14:waterpulse",
                "16:icefang",
                "19:brine",
                "23:suckerpunch",
                "26:dive",
                "29:batonpass",
                "34:crunch",
                "39:aquatail",
                "45:coil",
                "47:crunch",
                "50:aquafang",
                "egg:aquaring",
                "egg:barrier",
                "egg:mudsport",
                "egg:refresh",
                "egg:supersonic",
                "tm:aquatail",
                "tm:batonpass",
                "tm:bind",
                "tm:blizzard",
                "tm:bodyslam",
                "tm:bounce",
                "tm:brine",
                "tm:confuseray",
                "tm:crunch",
                "tm:dive",
                "tm:endure",
                "tm:facade",
                "tm:flipturn",
                "tm:gigaimpact",
                "tm:hail",
                "tm:hydropump",
                "tm:hyperbeam",
                "tm:icebeam",
                "tm:icefang",
                "tm:icywind",
                "tm:infestation",
                "tm:irondefense",
                "tm:muddywater",
                "tm:mudslap",
                "tm:protect",
                "tm:raindance",
                "tm:rest",
                "tm:rocktomb",
                "tm:scald",
                "tm:scaleshot",
                "tm:scaryface",
                "tm:screech",
                "tm:sleeptalk",
                "tm:snatch",
                "tm:substitute",
                "tm:suckerpunch",
                "tm:superfang",
                "tm:surf",
                "tm:terablast",
                "tm:waterfall",
                "tm:waterpulse",
                "tm:whirlpool",
                "tutor:aquatail",
                "tutor:bind",
                "tutor:bounce",
                "tutor:dive",
                "tutor:flipturn",
                "tutor:gigaimpact",
                "tutor:hyperbeam",
                "tutor:icebeam",
                "tutor:icefang",
                "tutor:icywind",
                "tutor:irondefense",
                "tutor:liquidation",
                "tutor:mudslap",
                "tutor:rest",
                "tutor:scaleshot",
                "tutor:sleeptalk",
                "tutor:snatch",
                "tutor:suckerpunch",
                "tutor:superfang",
                "tutor:waterpulse",
                "legacy:attract",
                "legacy:captivate",
                "legacy:confide",
                "legacy:doubleedge",
                "legacy:doubleteam",
                "legacy:frustration",
                "legacy:hiddenpower",
                "legacy:mimic",
                "legacy:naturalgift",
                "legacy:return",
                "legacy:round",
                "legacy:secretpower",
                "legacy:snore",
                "legacy:swagger",
                "legacy:swift",
                "legacy:toxic"
            ],
            "aspects": [
                "radical"
            ],
            "labels": [
                "radical_form"
            ]
        }
    ]
}