{
    "target": "cobblemon:ledian",
    "forms": [
        {
            "name": "Radical",
            "primaryType": "bug",
            "secondaryType": "fighting",
            "abilities": [
                "swarm",
                "earlybird",
                "h:ironfist"
            ],
            "baseStats": {
                "hp": 55,
                "attack": 90,
                "defence": 50,
                "special_attack": 55,
                "special_defence": 110,
                "speed": 85
            },
            "moves": [
                "1:tackle",
                "1:supersonic",
                "1:swift",
                "1:poweruppunch",
                "12:lightscreen",
                "12:reflect",
                "12:safeguard",
                "15:machpunch",
                "20:roost",
                "24:cometpunch",
                "29:batonpass",
                "33:agility",
                "38:bugbuzz",
                "38:lunge",
                "42:airslash",
                "47:drainpunch",
                "49:machpunch",
                "50:drainpunch",
                "52:closecombat",
                "55:firstimpression",
                "63:victorydance",
                "egg:bide",
                "egg:counter",
                "egg:dizzypunch",
                "tm:acrobatics",
                "tm:aerialace",
                "tm:agility",
                "tm:aircutter",
                "tm:airslash",
                "tm:assurance",
                "tm:batonpass",
                "tm:brickbreak",
                "tm:bugbite",
                "tm:bugbuzz",
                "tm:bulkup",
                "tm:dig",
                "tm:doubleedge",
                "tm:drainpunch",
                "tm:dualwingbeat",
                "tm:encore",
                "tm:endure",
                "tm:facade",
                "tm:flash",
                "tm:fling",
                "tm:focusblast",
                "tm:focuspunch",
                "tm:gigadrain",
                "tm:gigaimpact",
                "tm:headbutt",
                "tm:hyperbeam",
                "tm:icepunch",
                "tm:infestation",
                "tm:knockoff",
                "tm:lightscreen",
                "tm:megakick",
                "tm:megapunch",
                "tm:ominouswind",
                "tm:poweruppunch",
                "tm:protect",
                "tm:psybeam",
                "tm:reflect",
                "tm:rest",
                "tm:rocksmash",
                "tm:rollout",
                "tm:roost",
                "tm:safeguard",
                "tm:screech",
                "tm:silverwind",
                "tm:sleeptalk",
                "tm:solarbeam",
                "tm:strength",
                "tm:stringshot",
                "tm:strugglebug",
                "tm:substitute",
                "tm:sunnyday",
                "tm:swift",
                "tm:swordsdance",
                "tm:tailwind",
                "tm:terablast",
                "tm:thief",
                "tm:thunderpunch",
                "tm:uproar",
                "tm:uturn",
                "tutor:aerialace",
                "tutor:aircutter",
                "tutor:bugbite",
                "tutor:closecombat",
                "tutor:drainpunch",
                "tutor:dualwingbeat",
                "tutor:focuspunch",
                "tutor:gigadrain",
                "tutor:gigaimpact",
                "tutor:hyperbeam",
                "tutor:icepunch",
                "tutor:knockoff",
                "tutor:ominouswind",
                "tutor:rest",
                "tutor:rocksmash",
                "tutor:rollout",
                "tutor:roost",
                "tutor:sleeptalk",
                "tutor:stringshot",
                "tutor:swift",
                "tutor:tailwind",
                "tutor:thunderpunch",
                "tutor:uproar",
                "legacy:attract",
                "legacy:captivate",
                "legacy:confide",
                "legacy:curse",
                "legacy:defog",
                "legacy:doubleteam",
                "legacy:dynamicpunch",
                "legacy:frustration",
                "legacy:hiddenpower",
                "legacy:mimic",
                "legacy:naturalgift",
                "legacy:return",
                "legacy:round",
                "legacy:secretpower",
                "legacy:snore",
                "legacy:swagger",
                "legacy:sweetscent",
                "legacy:toxic",
                "special:refresh"
            ],
            "aspects": [
                "radical"
            ],
            "labels": [
                "radical_form"
            ]
        }
    ]
}