{
    "target": "cobblemon:lopunny",
    "forms": [
        {
            "name": "Radical",
            "primaryType": "normal",
            "secondaryType": "fighting",
            "abilities": [
                "cutecharm",
                "klutz",
                "h:limber"
            ],
            "baseStats": {
                "hp": 65,
                "attack": 86,
                "defence": 84,
                "special_attack": 54,
                "special_defence": 96,
                "speed": 105
            },
            "moves": [
                "1:mirrorcoat",
                "1:magiccoat",
                "1:splash",
                "1:pound",
                "1:defensecurl",
                "1:foresight",
                "1:jumpkick",
                "1:dizzypunch",
                "1:rototiller",
                "1:return",
                "1:babydolleyes",
                "1:frustration",
                "12:afteryou",
                "16:quickattack",
                "20:doublekick",
                "24:charm",
                "26:machpunch",
                "28:batonpass",
                "32:headbutt",
                "36:agility",
                "40:entrainment",
                "44:flatter",
                "48:bounce",
                "50:closecombat",
                "52:healingwish",
                "56:highjumpkick",
                "60:doubleedge",
                "egg:attract",
                "egg:circlethrow",
                "egg:copycat",
                "egg:doublehit",
                "egg:fakeout",
                "egg:flail",
                "egg:focuspunch",
                "egg:jumpkick",
                "egg:mudsport",
                "egg:return",
                "egg:skyuppercut",
                "egg:sweetkiss",
                "egg:switcheroo",
                "egg:teeterdance",
                "tm:acrobatics",
                "tm:afteryou",
                "tm:agility",
                "tm:assurance",
                "tm:attract",
                "tm:aurasphere",
                "tm:babydolleyes",
                "tm:batonpass",
                "tm:brickbreak",
                "tm:blizzard",
                "tm:bounce",
                "tm:brutalswing",
                "tm:chargebeam",
                "tm:charm",
                "tm:closecombat",
                "tm:cosmicpower",
                "tm:covet",
                "tm:cut",
                "tm:dig",
                "tm:drainpunch",
                "tm:encore",
                "tm:endeavor",
                "tm:endure",
                "tm:facade",
                "tm:faketears",
                "tm:firepunch",
                "tm:fling",
                "tm:focusblast",
                "tm:focuspunch",
                "tm:furycutter",
                "tm:gigaimpact",
                "tm:grassknot",
                "tm:headbutt",
                "tm:healbell",
                "tm:helpinghand",
                "tm:hyperbeam",
                "tm:hypervoice",
                "tm:icebeam",
                "tm:icepunch",
                "tm:irontail",
                "tm:laserfocus",
                "tm:lastresort",
                "tm:lowkick",
                "tm:lowsweep",
                "tm:magiccoat",
                "tm:megakick",
                "tm:megapunch",
                "tm:mudslap",
                "tm:payback",
                "tm:playrough",
                "tm:poweruppunch",
                "tm:protect",
                "tm:raindance",
                "tm:rest",
                "tm:retaliate",
                "tm:reversal",
                "tm:rocksmash",
                "tm:shadowball",
                "tm:shockwave",
                "tm:sleeptalk",
                "tm:solarbeam",
                "tm:strength",
                "tm:substitute",
                "tm:sunnyday",
                "tm:swift",
                "tm:terablast",
                "tm:thunder",
                "tm:thunderbolt",
                "tm:thunderpunch",
                "tm:thunderwave",
                "tm:tripleaxel",
                "tm:uproar",
                "tm:uturn",
                "tm:waterpulse",
                "tm:workup",
                "tutor:afteryou",
                "tutor:babydolleyes",
                "tutor:bounce",
                "tutor:chargebeam",
                "tutor:covet",
                "tutor:drainpunch",
                "tutor:endeavor",
                "tutor:firepunch",
                "tutor:focuspunch",
                "tutor:furycutter",
                "tutor:gigaimpact",
                "tutor:healbell",
                "tutor:helpinghand",
                "tutor:hyperbeam",
                "tutor:hypervoice",
                "tutor:icebeam",
                "tutor:icepunch",
                "tutor:irontail",
                "tutor:laserfocus",
                "tutor:lastresort",
                "tutor:lowkick",
                "tutor:magiccoat",
                "tutor:mudslap",
                "tutor:playrough",
                "tutor:rest",
                "tutor:rocksmash",
                "tutor:shadowball",
                "tutor:shockwave",
                "tutor:sleeptalk",
                "tutor:swift",
                "tutor:thunderbolt",
                "tutor:thunderpunch",
                "tutor:tripleaxel",
                "tutor:uproar",
                "tutor:waterpulse",
                "legacy:captivate",
                "legacy:confide",
                "legacy:doubleteam",
                "legacy:hiddenpower",
                "legacy:naturalgift",
                "legacy:round",
                "legacy:secretpower",
                "legacy:snore",
                "legacy:swagger",
                "legacy:toxic"
            ],
            "aspects": [
                "radical"
            ],
            "labels": [
                "radical_form"
            ]
        }
    ]
}