{
    "target": "cobblemon:lurantis",
    "forms": [
        {
            "name": "Radical",
            "primaryType": "grass",
            "secondaryType": "fighting",
            "abilities": [
                "leafguard",
                "h:contrary"
            ],
            "baseStats": {
                "hp": 70,
                "attack": 115,
                "defence": 90,
                "special_attack": 80,
                "special_defence": 90,
                "speed": 55
            },
            "moves": [
                "1:petalblizzard",
                "1:nightslash",
                "1:furycutter",
                "1:leafage",
                "1:growth",
                "1:ingrain",
                "1:solarbeam",
                "1:dualchop",
                "15:razorleaf",
                "20:sweetscent",
                "25:slash",
                "30:xscissor",
                "37:synthesis",
                "44:leafblade",
                "51:sunnyday",
                "54:closecombat",
                "59:superpower",
                "63:solarblade",
                "egg:aromatherapy",
                "egg:defog",
                "egg:superpower",
                "egg:worryseed",
                "tm:brickbreak",
                "tm:bugbite",
                "tm:bulletseed",
                "tm:crosspoison",
                "tm:defog",
                "tm:dualchop",
                "tm:endure",
                "tm:energyball",
                "tm:facade",
                "tm:falseswipe",
                "tm:fling",
                "tm:furycutter",
                "tm:gigadrain",
                "tm:gigaimpact",
                "tm:grassknot",
                "tm:grassyglide",
                "tm:grassyterrain",
                "tm:hyperbeam",
                "tm:knockoff",
                "tm:laserfocus",
                "tm:leafblade",
                "tm:leafstorm",
                "tm:leechlife",
                "tm:lowsweep",
                "tm:magicalleaf",
                "tm:naturepower",
                "tm:payback",
                "tm:petalblizzard",
                "tm:poisonjab",
                "tm:pollenpuff",
                "tm:protect",
                "tm:psychocut",
                "tm:raindance",
                "tm:rest",
                "tm:safeguard",
                "tm:scaryface",
                "tm:seedbomb",
                "tm:signalbeam",
                "tm:skittersmack",
                "tm:sleeptalk",
                "tm:solarbeam",
                "tm:solarblade",
                "tm:substitute",
                "tm:sunnyday",
                "tm:superpower",
                "tm:swordsdance",
                "tm:synthesis",
                "tm:takedown",
                "tm:terablast",
                "tm:trailblaze",
                "tm:weatherball",
                "tm:worryseed",
                "tm:xscissor",
                "tutor:bugbite",
                "tutor:defog",
                "tutor:dualchop",
                "tutor:energyball",
                "tutor:falseswipe",
                "tutor:furycutter",
                "tutor:gigadrain",
                "tutor:gigaimpact",
                "tutor:grassyglide",
                "tutor:hyperbeam",
                "tutor:knockoff",
                "tutor:laserfocus",
                "tutor:leechlife",
                "tutor:magicalleaf",
                "tutor:psychocut",
                "tutor:rest",
                "tutor:seedbomb",
                "tutor:signalbeam",
                "tutor:skittersmack",
                "tutor:sleeptalk",
                "tutor:superpower",
                "tutor:synthesis",
                "tutor:worryseed",
                "tutor:xscissor",
                "legacy:aerialace",
                "legacy:attract",
                "legacy:confide",
                "legacy:doubleteam",
                "legacy:frustration",
                "legacy:hiddenpower",
                "legacy:return",
                "legacy:round",
                "legacy:snore",
                "legacy:swagger",
                "legacy:toxic"
            ],
            "aspects": [
                "radical"
            ],
            "labels": [
                "radical_form"
            ]
        }
    ]
}