{
    "target": "cobblemon:luvdisc",
    "forms": [
        {
            "name": "Radical",
            "primaryType": "water",
            "secondaryType": "fairy",
            "abilities": [
                "swiftswim",
                "h:soulheart"
            ],
            "baseStats": {
                "hp": 55,
                "attack": 30,
                "defence": 55,
                "special_attack": 100,
                "special_defence": 65,
                "speed": 105
            },
            "moves": [
                "1:tackle",
                "1:charm",
                "1:luckychant",
                "1:captivate",
                "1:heartstamp",
                "4:watergun",
                "7:agility",
                "13:wish",
                "17:waterpulse",
                "20:attract",
                "22:drainingkiss",
                "26:flail",
                "31:sweetkiss",
                "34:takedown",
                "37:babydolleyes",
                "40:lovelykiss",
                "42:soak",
                "44:drainingkiss",
                "46:hydropump",
                "49:safeguard",
                "50:moonblast",
                "egg:aquajet",
                "egg:aquaring",
                "egg:captivate",
                "egg:entrainment",
                "egg:healpulse",
                "egg:mudsport",
                "egg:splash",
                "egg:supersonic",
                "egg:watersport",
                "tm:agility",
                "tm:attract",
                "tm:babydolleyes",
                "tm:blizzard",
                "tm:bounce",
                "tm:brine",
                "tm:captivate",
                "tm:charm",
                "tm:dazzlinggleam",
                "tm:dive",
                "tm:drainingkiss",
                "tm:endeavor",
                "tm:endure",
                "tm:facade",
                "tm:flipturn",
                "tm:hail",
                "tm:hydropump",
                "tm:icebeam",
                "tm:icywind",
                "tm:liquidation",
                "tm:protect",
                "tm:psychup",
                "tm:raindance",
                "tm:rest",
                "tm:safeguard",
                "tm:scaleshot",
                "tm:sleeptalk",
                "tm:snowscape",
                "tm:substitute",
                "tm:surf",
                "tm:takedown",
                "tm:tearfullook",
                "tm:terablast",
                "tm:waterfall",
                "tm:waterpulse",
                "tm:whirlpool",
                "tutor:babydolleyes",
                "tutor:bounce",
                "tutor:dive",
                "tutor:endeavor",
                "tutor:flipturn",
                "tutor:icebeam",
                "tutor:icywind",
                "tutor:liquidation",
                "tutor:rest",
                "tutor:scaleshot",
                "tutor:sleeptalk",
                "tutor:waterpulse",
                "legacy:confide",
                "legacy:doubleedge",
                "legacy:doubleteam",
                "legacy:frustration",
                "legacy:hiddenpower",
                "legacy:mimic",
                "legacy:naturalgift",
                "legacy:return",
                "legacy:round",
                "legacy:scald",
                "legacy:secretpower",
                "legacy:snore",
                "legacy:swagger",
                "legacy:swift",
                "legacy:toxic"
            ],
            "aspects": [
                "radical"
            ],
            "labels": [
                "radical_form"
            ]
        }
    ]
}