{
    "target": "cobblemon:masquerain",
    "forms": [
        {
            "name": "Radical",
            "primaryType": "water",
            "secondaryType": "bug",
            "abilities": [
                "intimidate",
                "h:levitate"
            ],
            "baseStats": {
                "hp": 80,
                "attack": 60,
                "defence": 62,
                "special_attack": 100,
                "special_defence": 82,
                "speed": 80
            },
            "moves": [
                "1:ominouswind",
                "1:bubble",
                "1:quickattack",
                "1:sweetscent",
                "1:watersport",
                "1:whirlwind",
                "1:watergun",
                "1:bubblebeam",
                "1:mist",
                "1:stickyweb",
                "1:soak",
                "17:gust",
                "22:scaryface",
                "22:aircutter",
                "26:stunspore",
                "32:airslash",
                "35:scald",
                "38:gigadrain",
                "44:bugbuzz",
                "52:quiverdance",
                "egg:aquajet",
                "egg:bugbite",
                "egg:fellstinger",
                "egg:foresight",
                "egg:hydropump",
                "egg:lunge",
                "egg:mindreader",
                "egg:mudshot",
                "egg:powersplit",
                "egg:psybeam",
                "tm:acrobatics",
                "tm:aerialace",
                "tm:agility",
                "tm:aircutter",
                "tm:airslash",
                "tm:batonpass",
                "tm:blizzard",
                "tm:bugbite",
                "tm:bugbuzz",
                "tm:chillingwater",
                "tm:defog",
                "tm:dualwingbeat",
                "tm:endure",
                "tm:energyball",
                "tm:facade",
                "tm:flash",
                "tm:foulplay",
                "tm:gigadrain",
                "tm:gigaimpact",
                "tm:haze",
                "tm:helpinghand",
                "tm:hurricane",
                "tm:hydropump",
                "tm:hyperbeam",
                "tm:icebeam",
                "tm:icywind",
                "tm:infestation",
                "tm:leechlife",
                "tm:liquidation",
                "tm:lunge",
                "tm:mudshot",
                "tm:mudslap",
                "tm:ominouswind",
                "tm:pounce",
                "tm:protect",
                "tm:psybeam",
                "tm:psychup",
                "tm:raindance",
                "tm:rest",
                "tm:roost",
                "tm:scaryface",
                "tm:shadowball",
                "tm:signalbeam",
                "tm:silverwind",
                "tm:skittersmack",
                "tm:sleeptalk",
                "tm:solarbeam",
                "tm:stringshot",
                "tm:strugglebug",
                "tm:substitute",
                "tm:sunnyday",
                "tm:supersonic",
                "tm:surf",
                "tm:swift",
                "tm:tailwind",
                "tm:takedown",
                "tm:terablast",
                "tm:thief",
                "tm:twister",
                "tm:uturn",
                "tm:waterfall",
                "tm:waterpulse",
                "tm:weatherball",
                "tutor:aerialace",
                "tutor:aircutter",
                "tutor:bugbite",
                "tutor:defog",
                "tutor:dualwingbeat",
                "tutor:energyball",
                "tutor:foulplay",
                "tutor:gigadrain",
                "tutor:gigaimpact",
                "tutor:helpinghand",
                "tutor:hurricane",
                "tutor:hyperbeam",
                "tutor:icebeam",
                "tutor:icywind",
                "tutor:leechlife",
                "tutor:liquidation",
                "tutor:mudslap",
                "tutor:ominouswind",
                "tutor:rest",
                "tutor:roost",
                "tutor:shadowball",
                "tutor:signalbeam",
                "tutor:skittersmack",
                "tutor:sleeptalk",
                "tutor:stringshot",
                "tutor:tailwind",
                "tutor:twister",
                "tutor:waterpulse",
                "legacy:attract",
                "legacy:captivate",
                "legacy:confide",
                "legacy:doubleedge",
                "legacy:doubleteam",
                "legacy:frustration",
                "legacy:hiddenpower",
                "legacy:mimic",
                "legacy:naturalgift",
                "legacy:nightmare",
                "legacy:return",
                "legacy:round",
                "legacy:scald",
                "legacy:secretpower",
                "legacy:snore",
                "legacy:swagger",
                "legacy:toxic",
                "special:mudsport"
            ],
            "aspects": [
                "radical"
            ],
            "labels": [
                "radical_form"
            ]
        }
    ]
}