{
    "target": "cobblemon:meganium",
    "forms": [
        {
            "name": "Radical",
            "primaryType": "grass",
            "secondaryType": "fairy",
            "abilities": [
                "overgrow",
                "h:triage"
            ],
            "baseStats": {
                "hp": 80,
                "attack": 82,
                "defence": 100,
                "special_attack": 103,
                "special_defence": 110,
                "speed": 80
            },
            "moves": [
                "1:tackle",
                "1:growl",
                "1:razorleaf",
                "1:poisonpowder",
                "1:petaldance",
                "1:petalblizzard",
                "1:naturalgift",
                "1:drainingkiss",
                "12:synthesis",
                "18:reflect",
                "22:magicalleaf",
                "26:leechseed",
                "34:sweetscent",
                "40:lightscreen",
                "46:bodyslam",
                "50:moonblast",
                "54:safeguard",
                "57:drainingkiss",
                "60:gigadrain",
                "65:solarbeam",
                "egg:ancientpower",
                "egg:aromatherapy",
                "egg:counter",
                "egg:flail",
                "egg:grasswhistle",
                "egg:healpulse",
                "egg:ingrain",
                "egg:leechseed",
                "egg:refresh",
                "egg:vinewhip",
                "egg:wringout",
                "tm:ancientpower",
                "tm:bodypress",
                "tm:bodyslam",
                "tm:bulldoze",
                "tm:bulletseed",
                "tm:charm",
                "tm:curse",
                "tm:cut",
                "tm:dazzlinggleam",
                "tm:doubleedge",
                "tm:dragontail",
                "tm:earthquake",
                "tm:echoedvoice",
                "tm:encore",
                "tm:endeavor",
                "tm:endure",
                "tm:energyball",
                "tm:facade",
                "tm:faketears",
                "tm:flash",
                "tm:frenzyplant",
                "tm:furycutter",
                "tm:gigadrain",
                "tm:gigaimpact",
                "tm:grassknot",
                "tm:grasspledge",
                "tm:grassyglide",
                "tm:grassyterrain",
                "tm:headbutt",
                "tm:helpinghand",
                "tm:hyperbeam",
                "tm:irontail",
                "tm:knockoff",
                "tm:laserfocus",
                "tm:leafstorm",
                "tm:lightscreen",
                "tm:magicalleaf",
                "tm:magiccoat",
                "tm:mudslap",
                "tm:naturalgift",
                "tm:naturepower",
                "tm:outrage",
                "tm:petalblizzard",
                "tm:protect",
                "tm:reflect",
                "tm:rest",
                "tm:rockclimb",
                "tm:rocksmash",
                "tm:safeguard",
                "tm:seedbomb",
                "tm:sleeptalk",
                "tm:solarbeam",
                "tm:solarblade",
                "tm:stompingtantrum",
                "tm:strength",
                "tm:substitute",
                "tm:sunnyday",
                "tm:swordsdance",
                "tm:synthesis",
                "tm:takedown",
                "tm:terablast",
                "tm:trailblaze",
                "tm:weatherball",
                "tm:workup",
                "tm:worryseed",
                "tm:zenheadbutt",
                "tutor:ancientpower",
                "tutor:bulldoze",
                "tutor:endeavor",
                "tutor:energyball",
                "tutor:frenzyplant",
                "tutor:furycutter",
                "tutor:gigadrain",
                "tutor:gigaimpact",
                "tutor:grasspledge",
                "tutor:grassyglide",
                "tutor:helpinghand",
                "tutor:hyperbeam",
                "tutor:irontail",
                "tutor:knockoff",
                "tutor:laserfocus",
                "tutor:magicalleaf",
                "tutor:magiccoat",
                "tutor:mudslap",
                "tutor:outrage",
                "tutor:playrough",
                "tutor:rest",
                "tutor:rocksmash",
                "tutor:seedbomb",
                "tutor:sleeptalk",
                "tutor:stompingtantrum",
                "tutor:synthesis",
                "tutor:worryseed",
                "tutor:zenheadbutt",
                "legacy:attract",
                "legacy:captivate",
                "legacy:confide",
                "legacy:detect",
                "legacy:doubleteam",
                "legacy:frustration",
                "legacy:hiddenpower",
                "legacy:mimic",
                "legacy:return",
                "legacy:round",
                "legacy:secretpower",
                "legacy:snore",
                "legacy:swagger",
                "legacy:toxic",
                "special:frenzyplant"
            ],
            "aspects": [
                "radical"
            ],
            "labels": [
                "radical_form"
            ]
        }
    ]
}