{
    "target": "cobblemon:pincurchin",
    "forms": [
        {
            "name": "Radical",
            "primaryType": "electric",
            "secondaryType": "water",
            "abilities": [
                "lightningrod",
                "h:electricsurge"
            ],
            "baseStats": {
                "hp": 68,
                "attack": 81,
                "defence": 95,
                "special_attack": 101,
                "special_defence": 85,
                "speed": 15
            },
            "moves": [
                "1:peck",
                "1:thundershock",
                "5:watergun",
                "10:charge",
                "15:furyattack",
                "20:spark",
                "25:bubblebeam",
                "30:recover",
                "35:curse",
                "38:scald",
                "40:electricterrain",
                "45:poisonjab",
                "50:zingzap",
                "55:acupressure",
                "60:discharge",
                "egg:memento",
                "egg:suckerpunch",
                "tm:assurance",
                "tm:bodyslam",
                "tm:brine",
                "tm:charge",
                "tm:chargebeam",
                "tm:chillingwater",
                "tm:curse",
                "tm:electricterrain",
                "tm:electroball",
                "tm:electroweb",
                "tm:endure",
                "tm:facade",
                "tm:gigaimpact",
                "tm:hex",
                "tm:hydropump",
                "tm:hyperbeam",
                "tm:liquidation",
                "tm:muddywater",
                "tm:painsplit",
                "tm:payback",
                "tm:pinmissile",
                "tm:poisonjab",
                "tm:protect",
                "tm:raindance",
                "tm:rest",
                "tm:reversal",
                "tm:risingvoltage",
                "tm:scald",
                "tm:selfdestruct",
                "tm:sleeptalk",
                "tm:spikes",
                "tm:substitute",
                "tm:suckerpunch",
                "tm:supercellslam",
                "tm:surf",
                "tm:swift",
                "tm:takedown",
                "tm:terablast",
                "tm:throatchop",
                "tm:thunder",
                "tm:thunderbolt",
                "tm:thunderwave",
                "tm:toxicspikes",
                "tm:venomdrench",
                "tm:venoshock",
                "tm:voltswitch",
                "tm:wildcharge",
                "tutor:chargebeam",
                "tutor:electroweb",
                "tutor:gigaimpact",
                "tutor:hyperbeam",
                "tutor:liquidation",
                "tutor:painsplit",
                "tutor:poisonjab",
                "tutor:rest",
                "tutor:risingvoltage",
                "tutor:sleeptalk",
                "tutor:spikes",
                "tutor:suckerpunch",
                "tutor:swift",
                "tutor:throatchop",
                "tutor:thunderbolt",
                "tutor:wildcharge",
                "legacy:attract",
                "legacy:round",
                "legacy:snore"
            ],
            "aspects": [
                "radical"
            ],
            "labels": [
                "radical_form"
            ]
        }
    ]
}