{
    "target": "cobblemon:rapidash",
    "forms": [
        {
            "name": "Radical",
            "primaryType": "fire",
            "secondaryType": "fairy",
            "abilities": [
                "reckless",
                "flashfire",
                "h:flamebody"
            ],
            "baseStats": {
                "hp": 65,
                "attack": 100,
                "defence": 70,
                "special_attack": 60,
                "special_defence": 80,
                "speed": 125
            },
            "moves": [
                "1:megahorn",
                "1:tackle",
                "1:quickattack",
                "1:growl",
                "1:tailwhip",
                "1:confusion",
                "1:firelash",
                "15:fairywind",
                "20:agility",
                "25:flamewheel",
                "30:stomp",
                "35:healpulse",
                "43:takedown",
                "49:dazzlinggleam",
                "56:flareblitz",
                "63:healingwish",
                "egg:doubleedge",
                "egg:doublekick",
                "egg:horndrill",
                "egg:hypnosis",
                "egg:morningsun",
                "egg:thrash",
                "tm:agility",
                "tm:allyswitch",
                "tm:batonpass",
                "tm:bodyslam",
                "tm:bounce",
                "tm:calmmind",
                "tm:charm",
                "tm:dazzlinggleam",
                "tm:doubleedge",
                "tm:drillrun",
                "tm:endure",
                "tm:expandingforce",
                "tm:facade",
                "tm:futuresight",
                "tm:gigaimpact",
                "tm:highhorsepower",
                "tm:hyperbeam",
                "tm:imprison",
                "tm:irontail",
                "tm:lowkick",
                "tm:magicroom",
                "tm:megahorn",
                "tm:mistyterrain",
                "tm:mysticalfire",
                "tm:payday",
                "tm:playrough",
                "tm:protect",
                "tm:psybeam",
                "tm:psychic",
                "tm:psychicterrain",
                "tm:psychocut",
                "tm:rest",
                "tm:sleeptalk",
                "tm:smartstrike",
                "tm:storedpower",
                "tm:substitute",
                "tm:swift",
                "tm:swordsdance",
                "tm:takedown",
                "tm:terablast",
                "tm:throatchop",
                "tm:trickroom",
                "tm:wildcharge",
                "tm:wonderroom",
                "tm:zenheadbutt",
                "tutor:allyswitch",
                "tutor:bounce",
                "tutor:calmmind",
                "tutor:dazzlinggleam",
                "tutor:drillrun",
                "tutor:expandingforce",
                "tutor:gigaimpact",
                "tutor:highhorsepower",
                "tutor:hyperbeam",
                "tutor:irontail",
                "tutor:lowkick",
                "tutor:magicroom",
                "tutor:megahorn",
                "tutor:mysticalfire",
                "tutor:playrough",
                "tutor:psychic",
                "tutor:psychocut",
                "tutor:rest",
                "tutor:sleeptalk",
                "tutor:swift",
                "tutor:throatchop",
                "tutor:wildcharge",
                "tutor:wonderroom",
                "tutor:zenheadbutt",
                "legacy:attract",
                "legacy:round",
                "legacy:snore"
            ],
            "aspects": [
                "radical"
            ],
            "labels": [
                "radical_form"
            ]
        }
    ]
}