{
    "target": "cobblemon:samurott",
    "forms": [
        {
            "name": "Radical",
            "primaryType": "water",
            "secondaryType": "steel",
            "abilities": [
                "torrent",
                "h:shellarmor"
            ],
            "baseStats": {
                "hp": 95,
                "attack": 108,
                "defence": 85,
                "special_attack": 108,
                "special_defence": 70,
                "speed": 90
            },
            "moves": [
                "1:megahorn",
                "1:tackle",
                "1:tailwhip",
                "1:watergun",
                "1:watersport",
                "1:slash",
                "1:soak",
                "13:focusenergy",
                "18:razorshell",
                "21:furycutter",
                "25:waterpulse",
                "26:scald",
                "29:aerialace",
                "34:aquajet",
                "39:encore",
                "46:aquatail",
                "51:retaliate",
                "56:sacredsword",
                "58:swordsdance",
                "63:hydropump",
                "80:shellsmash",
                "egg:airslash",
                "egg:aquacutter",
                "egg:copycat",
                "egg:detect",
                "egg:knockoff",
                "egg:nightslash",
                "egg:sacredsword",
                "egg:screech",
                "egg:trumpcard",
                "tm:ironhead",
                "tm:aerialace",
                "tm:airslash",
                "tm:aquatail",
                "tm:assurance",
                "tm:avalanche",
                "tm:blizzard",
                "tm:block",
                "tm:bodyslam",
                "tm:brickbreak",
                "tm:brine",
                "tm:bulldoze",
                "tm:chillingwater",
                "tm:covet",
                "tm:cut",
                "tm:dig",
                "tm:dive",
                "tm:drillrun",
                "tm:encore",
                "tm:endure",
                "tm:facade",
                "tm:falseswipe",
                "tm:fling",
                "tm:flipturn",
                "tm:focusenergy",
                "tm:furycutter",
                "tm:gigaimpact",
                "tm:grassknot",
                "tm:hail",
                "tm:helpinghand",
                "tm:hydrocannon",
                "tm:hydropump",
                "tm:hyperbeam",
                "tm:icebeam",
                "tm:icywind",
                "tm:irontail",
                "tm:knockoff",
                "tm:liquidation",
                "tm:megahorn",
                "tm:protect",
                "tm:raindance",
                "tm:razorshell",
                "tm:rest",
                "tm:retaliate",
                "tm:revenge",
                "tm:rocksmash",
                "tm:scald",
                "tm:scaryface",
                "tm:screech",
                "tm:sleeptalk",
                "tm:smartstrike",
                "tm:snowscape",
                "tm:strength",
                "tm:substitute",
                "tm:superpower",
                "tm:surf",
                "tm:swift",
                "tm:swordsdance",
                "tm:takedown",
                "tm:taunt",
                "tm:terablast",
                "tm:thief",
                "tm:upperhand",
                "tm:vacuumwave",
                "tm:waterfall",
                "tm:waterpledge",
                "tm:waterpulse",
                "tm:whirlpool",
                "tm:workup",
                "tm:xscissor",
                "tutor:aerialace",
                "tutor:aquatail",
                "tutor:block",
                "tutor:bulldoze",
                "tutor:covet",
                "tutor:dive",
                "tutor:drillrun",
                "tutor:falseswipe",
                "tutor:flipturn",
                "tutor:focusenergy",
                "tutor:furycutter",
                "tutor:gigaimpact",
                "tutor:helpinghand",
                "tutor:hydrocannon",
                "tutor:hyperbeam",
                "tutor:icebeam",
                "tutor:icywind",
                "tutor:irontail",
                "tutor:knockoff",
                "tutor:liquidation",
                "tutor:megahorn",
                "tutor:rest",
                "tutor:rocksmash",
                "tutor:sleeptalk",
                "tutor:superpower",
                "tutor:swift",
                "tutor:vacuumwave",
                "tutor:waterpledge",
                "tutor:waterpulse",
                "tutor:xscissor",
                "legacy:attract",
                "legacy:confide",
                "legacy:doubleteam",
                "legacy:dragontail",
                "legacy:frustration",
                "legacy:hiddenpower",
                "legacy:return",
                "legacy:round",
                "legacy:scald",
                "legacy:secretpower",
                "legacy:snore",
                "legacy:swagger",
                "legacy:toxic",
                "special:holdback"
            ],
            "aspects": [
                "radical"
            ],
            "labels": [
                "radical_form"
            ]
        }
    ]
}