{
    "target": "cobblemon:sceptile",
    "forms": [
        {
            "name": "Radical",
            "primaryType": "grass",
            "secondaryType": "dragon",
            "abilities": [
                "overgrow",
                "h:technician"
            ],
            "baseStats": {
                "hp": 70,
                "attack": 105,
                "defence": 65,
                "special_attack": 85,
                "special_defence": 85,
                "speed": 120
            },
            "moves": [
                "1:nightslash",
                "1:pound",
                "1:leer",
                "1:absorb",
                "1:quickattack",
                "1:xscissor",
                "1:pursuit",
                "1:leafblade",
                "1:agility",
                "1:falseswipe",
                "1:furycutter",
                "1:energyball",
                "1:dualchop",
                "1:leafage",
                "1:shedtail",
                "1:breakingswipe",
                "5:megadrain",
                "12:detect",
                "15:quickguard",
                "20:assurance",
                "25:gigadrain",
                "30:slam",
                "35:doubleteam",
                "42:screech",
                "49:endeavor",
                "56:leafstorm",
                "69:dualchop",
                "80:scaleshot",
                "egg:absorb",
                "egg:crushclaw",
                "egg:doublekick",
                "egg:dragonbreath",
                "egg:grasswhistle",
                "egg:leechseed",
                "egg:mudsport",
                "egg:naturalgift",
                "egg:nightslash",
                "egg:pursuit",
                "egg:razorwind",
                "egg:slash",
                "egg:synthesis",
                "egg:worryseed",
                "tm:acrobatics",
                "tm:aerialace",
                "tm:agility",
                "tm:assurance",
                "tm:bodyslam",
                "tm:breakingswipe",
                "tm:brickbreak",
                "tm:brutalswing",
                "tm:bulldoze",
                "tm:bulletseed",
                "tm:crosspoison",
                "tm:crunch",
                "tm:cut",
                "tm:dig",
                "tm:doubleedge",
                "tm:doubleteam",
                "tm:dragoncheer",
                "tm:dragonclaw",
                "tm:dragondance",
                "tm:dragonpulse",
                "tm:dragontail",
                "tm:drainpunch",
                "tm:dualchop",
                "tm:earthquake",
                "tm:endeavor",
                "tm:endure",
                "tm:energyball",
                "tm:facade",
                "tm:falseswipe",
                "tm:flash",
                "tm:fling",
                "tm:focusblast",
                "tm:focuspunch",
                "tm:frenzyplant",
                "tm:furycutter",
                "tm:gigadrain",
                "tm:gigaimpact",
                "tm:grassknot",
                "tm:grasspledge",
                "tm:grassyglide",
                "tm:grassyterrain",
                "tm:headbutt",
                "tm:helpinghand",
                "tm:honeclaws",
                "tm:hyperbeam",
                "tm:irontail",
                "tm:laserfocus",
                "tm:leafblade",
                "tm:leafstorm",
                "tm:lowkick",
                "tm:lowsweep",
                "tm:magicalleaf",
                "tm:megakick",
                "tm:megapunch",
                "tm:naturalgift",
                "tm:naturepower",
                "tm:outrage",
                "tm:poweruppunch",
                "tm:protect",
                "tm:rest",
                "tm:roar",
                "tm:rockclimb",
                "tm:rockslide",
                "tm:rocksmash",
                "tm:rocktomb",
                "tm:safeguard",
                "tm:scaleshot",
                "tm:screech",
                "tm:seedbomb",
                "tm:sleeptalk",
                "tm:solarbeam",
                "tm:solarblade",
                "tm:strength",
                "tm:substitute",
                "tm:sunnyday",
                "tm:swift",
                "tm:swordsdance",
                "tm:synthesis",
                "tm:takedown",
                "tm:terablast",
                "tm:thief",
                "tm:throatchop",
                "tm:thunderpunch",
                "tm:trailblaze",
                "tm:upperhand",
                "tm:vacuumwave",
                "tm:workup",
                "tm:worryseed",
                "tm:xscissor",
                "tutor:aerialace",
                "tutor:bulldoze",
                "tutor:dragonpulse",
                "tutor:drainpunch",
                "tutor:dualchop",
                "tutor:endeavor",
                "tutor:energyball",
                "tutor:falseswipe",
                "tutor:frenzyplant",
                "tutor:furycutter",
                "tutor:gigadrain",
                "tutor:gigaimpact",
                "tutor:grasspledge",
                "tutor:grassyglide",
                "tutor:helpinghand",
                "tutor:hyperbeam",
                "tutor:irontail",
                "tutor:laserfocus",
                "tutor:lowkick",
                "tutor:magicalleaf",
                "tutor:outrage",
                "tutor:rest",
                "tutor:rockslide",
                "tutor:rocksmash",
                "tutor:scaleshot",
                "tutor:seedbomb",
                "tutor:sleeptalk",
                "tutor:swift",
                "tutor:synthesis",
                "tutor:throatchop",
                "tutor:thunderpunch",
                "tutor:vacuumwave",
                "tutor:worryseed",
                "tutor:xscissor",
                "legacy:attract",
                "legacy:captivate",
                "legacy:confide",
                "legacy:counter",
                "legacy:dynamicpunch",
                "legacy:frustration",
                "legacy:hiddenpower",
                "legacy:mimic",
                "legacy:mudslap",
                "legacy:return",
                "legacy:round",
                "legacy:secretpower",
                "legacy:seismictoss",
                "legacy:snore",
                "legacy:swagger",
                "legacy:toxic"
            ],
            "aspects": [
                "radical"
            ],
            "labels": [
                "radical_form"
            ]
        }
    ]
}