{
    "target": "cobblemon:sunflora",
    "forms": [
        {
            "name": "Radical",
            "primaryType": "grass",
            "secondaryType": "fire",
            "abilities": [
                "chlorophyll",
                "solarpower",
                "h:earlybird"
            ],
            "baseStats": {
                "hp": 95,
                "attack": 75,
                "defence": 55,
                "special_attack": 135,
                "special_defence": 85,
                "speed": 55
            },
            "moves": [
                "1:pound",
                "1:growth",
                "1:grasswhistle",
                "1:flowershield",
                "1:naturalgift",
                "1:tackle",
                "1:flameburst",
                "4:ingrain",
                "7:absorb",
                "10:megadrain",
                "13:leechseed",
                "16:razorleaf",
                "19:worryseed",
                "22:gigadrain",
                "25:bulletseed",
                "28:petaldance",
                "31:solarbeam",
                "34:doubleedge",
                "39:sunnyday",
                "43:leafstorm",
                "50:petalblizzard",
                "50:seedflare",
                "60:fierydance",
                "egg:bide",
                "egg:curse",
                "egg:encore",
                "egg:grasswhistle",
                "egg:grassyterrain",
                "egg:ingrain",
                "egg:leechseed",
                "egg:morningsun",
                "egg:naturalgift",
                "egg:sweetscent",
                "tm:afteryou",
                "tm:bulletseed",
                "tm:curse",
                "tm:cut",
                "tm:dazzlinggleam",
                "tm:doubleedge",
                "tm:earthpower",
                "tm:encore",
                "tm:endeavor",
                "tm:endure",
                "tm:energyball",
                "tm:facade",
                "tm:fireblast",
                "tm:flamethrower",
                "tm:flash",
                "tm:gigadrain",
                "tm:gigaimpact",
                "tm:grassknot",
                "tm:grassyglide",
                "tm:grassyterrain",
                "tm:helpinghand",
                "tm:hyperbeam",
                "tm:leafblade",
                "tm:leafstorm",
                "tm:lightscreen",
                "tm:magicalleaf",
                "tm:naturalgift",
                "tm:naturepower",
                "tm:overheat",
                "tm:petalblizzard",
                "tm:protect",
                "tm:raindance",
                "tm:rest",
                "tm:safeguard",
                "tm:seedbomb",
                "tm:sleeptalk",
                "tm:sludgebomb",
                "tm:solarbeam",
                "tm:substitute",
                "tm:sunnyday",
                "tm:swordsdance",
                "tm:synthesis",
                "tm:takedown",
                "tm:terablast",
                "tm:trailblaze",
                "tm:weatherball",
                "tm:worryseed",
                "tutor:afteryou",
                "tutor:dazzlinggleam",
                "tutor:earthpower",
                "tutor:endeavor",
                "tutor:energyball",
                "tutor:gigadrain",
                "tutor:gigaimpact",
                "tutor:grassyglide",
                "tutor:helpinghand",
                "tutor:hyperbeam",
                "tutor:magicalleaf",
                "tutor:mysticalfire",
                "tutor:rest",
                "tutor:seedbomb",
                "tutor:sleeptalk",
                "tutor:synthesis",
                "tutor:worryseed",
                "legacy:attract",
                "legacy:captivate",
                "legacy:confide",
                "legacy:doubleteam",
                "legacy:frustration",
                "legacy:hiddenpower",
                "legacy:mimic",
                "legacy:return",
                "legacy:round",
                "legacy:secretpower",
                "legacy:snore",
                "legacy:swagger",
                "legacy:toxic",
                "legacy:uproar"
            ],
            "aspects": [
                "radical"
            ],
            "labels": [
                "radical_form"
            ]
        }
    ]
}