{
    "target": "cobblemon:tropius",
    "forms": [
        {
            "name": "Radical",
            "primaryType": "grass",
            "secondaryType": "dragon",
            "abilities": [
                "chlorophyll",
                "solarpower",
                "h:harvest"
            ],
            "baseStats": {
                "hp": 99,
                "attack": 68,
                "defence": 83,
                "special_attack": 92,
                "special_defence": 87,
                "speed": 81
            },
            "moves": [
                "1:leer",
                "1:gust",
                "1:growth",
                "1:razorleaf",
                "1:leafstorm",
                "1:bestow",
                "6:sweetscent",
                "10:stomp",
                "16:magicalleaf",
                "21:whirlwind",
                "30:wideguard",
                "36:airslash",
                "41:bodyslam",
                "46:outrage",
                "50:synthesis",
                "56:solarbeam",
                "egg:curse",
                "egg:dragondance",
                "egg:dragonhammer",
                "egg:headbutt",
                "egg:leafblade",
                "egg:leechseed",
                "egg:naturalgift",
                "egg:razorwind",
                "egg:slam",
                "tm:aerialace",
                "tm:aircutter",
                "tm:airslash",
                "tm:bodypress",
                "tm:bodyslam",
                "tm:brutalswing",
                "tm:bulldoze",
                "tm:bulletseed",
                "tm:calmmind",
                "tm:curse",
                "tm:cut",
                "tm:defog",
                "tm:doubleedge",
                "tm:dragondance",
                "tm:dragonpulse",
                "tm:dragontail",
                "tm:dualwingbeat",
                "tm:earthquake",
                "tm:endure",
                "tm:energyball",
                "tm:facade",
                "tm:flash",
                "tm:fly",
                "tm:furycutter",
                "tm:gigadrain",
                "tm:gigaimpact",
                "tm:grassknot",
                "tm:grassyterrain",
                "tm:headbutt",
                "tm:helpinghand",
                "tm:hurricane",
                "tm:hyperbeam",
                "tm:leafblade",
                "tm:leafstorm",
                "tm:leaftornado",
                "tm:magicalleaf",
                "tm:naturalgift",
                "tm:naturepower",
                "tm:ominouswind",
                "tm:outrage",
                "tm:petalblizzard",
                "tm:protect",
                "tm:raindance",
                "tm:rest",
                "tm:roar",
                "tm:rocksmash",
                "tm:roost",
                "tm:safeguard",
                "tm:seedbomb",
                "tm:silverwind",
                "tm:sleeptalk",
                "tm:solarbeam",
                "tm:solarblade",
                "tm:spite",
                "tm:steelwing",
                "tm:stompingtantrum",
                "tm:strength",
                "tm:substitute",
                "tm:sunnyday",
                "tm:swordsdance",
                "tm:synthesis",
                "tm:tailwind",
                "tm:takedown",
                "tm:terablast",
                "tm:trailblaze",
                "tm:twister",
                "tm:uturn",
                "tm:worryseed",
                "tm:zenheadbutt",
                "tutor:aerialace",
                "tutor:aircutter",
                "tutor:bulldoze",
                "tutor:calmmind",
                "tutor:defog",
                "tutor:dragonpulse",
                "tutor:dualwingbeat",
                "tutor:energyball",
                "tutor:furycutter",
                "tutor:gigadrain",
                "tutor:gigaimpact",
                "tutor:helpinghand",
                "tutor:hyperbeam",
                "tutor:magicalleaf",
                "tutor:ominouswind",
                "tutor:outrage",
                "tutor:rest",
                "tutor:rocksmash",
                "tutor:roost",
                "tutor:seedbomb",
                "tutor:sleeptalk",
                "tutor:spite",
                "tutor:stompingtantrum",
                "tutor:synthesis",
                "tutor:tailwind",
                "tutor:twister",
                "tutor:weatherball",
                "tutor:worryseed",
                "tutor:zenheadbutt",
                "legacy:attract",
                "legacy:captivate",
                "legacy:confide",
                "legacy:doubleteam",
                "legacy:frustration",
                "legacy:hiddenpower",
                "legacy:mimic",
                "legacy:mudslap",
                "legacy:return",
                "legacy:round",
                "legacy:secretpower",
                "legacy:snore",
                "legacy:swagger",
                "legacy:toxic"
            ],
            "aspects": [
                "radical"
            ],
            "labels": [
                "radical_form"
            ]
        }
    ]
}