{
    "target": "cobblemon:venomoth",
    "forms": [
        {
            "name": "Radical",
            "primaryType": "bug",
            "secondaryType": "psychic",
            "abilities": [
                "shielddust",
                "tintedlens",
                "h:wonderskin"
            ],
            "baseStats": {
                "hp": 70,
                "attack": 65,
                "defence": 65,
                "special_attack": 95,
                "special_defence": 75,
                "speed": 95
            },
            "moves": [
                "1:silverwind",
                "1:tackle",
                "1:disable",
                "1:foresight",
                "1:supersonic",
                "1:gust",
                "1:quiverdance",
                "1:airslash",
                "11:confusion",
                "13:poisonpowder",
                "17:psybeam",
                "23:stunspore",
                "25:bugbuzz",
                "29:sleeppowder",
                "37:leechlife",
                "41:zenheadbutt",
                "47:poisonfang",
                "55:psychic",
                "egg:agility",
                "egg:batonpass",
                "egg:bugbite",
                "egg:morningsun",
                "egg:ragepowder",
                "egg:screech",
                "egg:secretpower",
                "egg:toxicspikes",
                "egg:venoshock",
                "tm:acidspray",
                "tm:acrobatics",
                "tm:agility",
                "tm:aircutter",
                "tm:airslash",
                "tm:batonpass",
                "tm:bugbite",
                "tm:bugbuzz",
                "tm:confuseray",
                "tm:defog",
                "tm:doubleedge",
                "tm:endeavor",
                "tm:endure",
                "tm:energyball",
                "tm:facade",
                "tm:flash",
                "tm:gigadrain",
                "tm:gigaimpact",
                "tm:hyperbeam",
                "tm:infestation",
                "tm:leechlife",
                "tm:lunge",
                "tm:megadrain",
                "tm:nightshade",
                "tm:ominouswind",
                "tm:pounce",
                "tm:protect",
                "tm:psybeam",
                "tm:psychic",
                "tm:psychicnoise",
                "tm:rest",
                "tm:roost",
                "tm:screech",
                "tm:secretpower",
                "tm:signalbeam",
                "tm:silverwind",
                "tm:skillswap",
                "tm:skittersmack",
                "tm:sleeptalk",
                "tm:sludgebomb",
                "tm:sludgewave",
                "tm:solarbeam",
                "tm:stringshot",
                "tm:strugglebug",
                "tm:substitute",
                "tm:sunnyday",
                "tm:swift",
                "tm:takedown",
                "tm:terablast",
                "tm:thief",
                "tm:toxic",
                "tm:toxicspikes",
                "tm:twister",
                "tm:uturn",
                "tm:venomdrench",
                "tm:venoshock",
                "tm:whirlwind",
                "tm:zenheadbutt",
                "tutor:aircutter",
                "tutor:bugbite",
                "tutor:defog",
                "tutor:endeavor",
                "tutor:energyball",
                "tutor:gigadrain",
                "tutor:gigaimpact",
                "tutor:hyperbeam",
                "tutor:leechlife",
                "tutor:ominouswind",
                "tutor:psychic",
                "tutor:rest",
                "tutor:roost",
                "tutor:signalbeam",
                "tutor:skillswap",
                "tutor:skittersmack",
                "tutor:sleeptalk",
                "tutor:sludgebomb",
                "tutor:stringshot",
                "tutor:swift",
                "tutor:twister",
                "tutor:zenheadbutt",
                "legacy:aerialace",
                "legacy:attract",
                "legacy:bide",
                "legacy:captivate",
                "legacy:confide",
                "legacy:curse",
                "legacy:doubleteam",
                "legacy:dreameater",
                "legacy:frustration",
                "legacy:headbutt",
                "legacy:hiddenpower",
                "legacy:mimic",
                "legacy:naturalgift",
                "legacy:psywave",
                "legacy:rage",
                "legacy:razorwind",
                "legacy:reflect",
                "legacy:return",
                "legacy:round",
                "legacy:snore",
                "legacy:swagger",
                "legacy:sweetscent",
                "legacy:tailwind",
                "legacy:teleport",
                "special:refresh"
            ],
            "aspects": [
                "radical"
            ],
            "labels": [
                "radical_form"
            ]
        }
    ]
}