{
    "target": "cobblemon:volbeat",
    "forms": [
        {
            "name": "Radical",
            "primaryType": "bug",
            "secondaryType": "electric",
            "abilities": [
                "illuminate",
                "swarm",
                "h:prankster"
            ],
            "baseStats": {
                "hp": 85,
                "attack": 47,
                "defence": 75,
                "special_attack": 90,
                "special_defence": 85,
                "speed": 100
            },
            "moves": [
                "1:flash",
                "1:tackle",
                "5:doubleteam",
                "8:confuseray",
                "12:quickattack",
                "15:strugglebug",
                "19:moonlight",
                "22:tailglow",
                "26:protect",
                "29:zenheadbutt",
                "33:helpinghand",
                "36:bugbuzz",
                "40:playrough",
                "43:doubleedge",
                "47:infestation",
                "egg:counter",
                "egg:dizzypunch",
                "egg:roost",
                "egg:seismictoss",
                "egg:swagger",
                "tm:acrobatics",
                "tm:aerialace",
                "tm:aircutter",
                "tm:airslash",
                "tm:batonpass",
                "tm:bodyslam",
                "tm:brickbreak",
                "tm:bugbite",
                "tm:bugbuzz",
                "tm:chargebeam",
                "tm:chillingwater",
                "tm:confuseray",
                "tm:dazzlinggleam",
                "tm:doubleedge",
                "tm:doubleteam",
                "tm:encore",
                "tm:endeavor",
                "tm:endure",
                "tm:facade",
                "tm:flash",
                "tm:fling",
                "tm:focuspunch",
                "tm:gigadrain",
                "tm:helpinghand",
                "tm:icepunch",
                "tm:infestation",
                "tm:lightscreen",
                "tm:lunge",
                "tm:megakick",
                "tm:megapunch",
                "tm:metronome",
                "tm:mudslap",
                "tm:ominouswind",
                "tm:playnice",
                "tm:playrough",
                "tm:pounce",
                "tm:poweruppunch",
                "tm:protect",
                "tm:raindance",
                "tm:rest",
                "tm:roost",
                "tm:shadowball",
                "tm:shockwave",
                "tm:signalbeam",
                "tm:silverwind",
                "tm:skittersmack",
                "tm:sleeptalk",
                "tm:solarbeam",
                "tm:stringshot",
                "tm:strugglebug",
                "tm:substitute",
                "tm:sunnyday",
                "tm:swagger",
                "tm:swift",
                "tm:tailwind",
                "tm:takedown",
                "tm:taunt",
                "tm:terablast",
                "tm:thief",
                "tm:thunder",
                "tm:thunderpunch",
                "tm:thunderwave",
                "tm:trailblaze",
                "tm:trick",
                "tm:uturn",
                "tm:voltswitch",
                "tm:waterpulse",
                "tm:zenheadbutt",
                "tutor:aerialace",
                "tutor:aircutter",
                "tutor:bugbite",
                "tutor:chargebeam",
                "tutor:dazzlinggleam",
                "tutor:endeavor",
                "tutor:focuspunch",
                "tutor:gigadrain",
                "tutor:helpinghand",
                "tutor:icepunch",
                "tutor:mudslap",
                "tutor:ominouswind",
                "tutor:playrough",
                "tutor:rest",
                "tutor:roost",
                "tutor:shadowball",
                "tutor:shockwave",
                "tutor:signalbeam",
                "tutor:skittersmack",
                "tutor:sleeptalk",
                "tutor:stringshot",
                "tutor:swift",
                "tutor:tailwind",
                "tutor:thunderpunch",
                "tutor:trick",
                "tutor:waterpulse",
                "tutor:zenheadbutt",
                "legacy:attract",
                "legacy:captivate",
                "legacy:confide",
                "legacy:defog",
                "legacy:dynamicpunch",
                "legacy:frustration",
                "legacy:hiddenpower",
                "legacy:mimic",
                "legacy:naturalgift",
                "legacy:psychup",
                "legacy:return",
                "legacy:round",
                "legacy:secretpower",
                "legacy:snore",
                "legacy:thunderbolt",
                "legacy:toxic"
            ],
            "aspects": [
                "radical"
            ],
            "labels": [
                "radical_form"
            ]
        }
    ]
}